0.625 Dram/0.625Dram-x10-fixed.gcode,1WOdbCntsGM6F0dloF7u_WuvbkQRiuKtx
0.625 Dram/0.625Dram-x10-fixed.stl,1MH6Iby7HdgRA-UNCOhDIzlO2ig8b3kx5
0.625 Dram/0.625Dram-x10.gcode,1K1QHYldg0bQNwSfFlVW4pTqOv7aCMrLv
0.625 Dram/0.625Dram-x10.stl,1tbQNy2aSx8aZBcbKp-EGBPxoWZbk8JdW
1 Dram/1Dram-x10-fixed.gcode,1p9PkA8bPBLywnvBz4-7pRcajGtq0m4bC
1 Dram/1Dram-x10-fixed.stl,19jk2xpcoboZjQnYoumcbnQrTCyTf9k0b
1 Dram/1Dram-x10.gcode,1VuBDWPMw5bYDsStA92iF_a8iQOHFTWJC
1 Dram/1Dram-x10.stl,1F5lDv4qri_Smh_82B8PgzJpfwWBIxqzA
10 Dram/10Dram-x5-fixed.gcode,1QLLx4K4iM8l9ZiubsW5X8CbsgqQPNe6O
10 Dram/10Dram-x5-fixed.stl,1pZQ7KbGcPAmCJLE4t4pt7MhUBcTRBDC1
2 Dram/2Dram-x10.gcode,1yajRyNExzZQu8DD0k_AuwWgC8g0l-QWb
2 Dram/2Dram-x10.stl,1ZEiZ5haHpIbJBVgFOOLoRC5ab0NN-pBW
2 Dram/2Dram-x8-fixed.gcode,17t8Mo1Q0QGKo42cAkhFqSm1BZcoECIpg
2 Dram/2Dram-x8-fixed.stl,1gGNAYKgSSZ9gQZrrCHTztnAkAQF35nEN
3 Dram/3Dram-x7-fixed.gcode,1zQFRghnO9j_HZGJGbXkSxe23PCV4by-3
3 Dram/3Dram-x7-fixed.stl,1LFgt_3tHglyW7gN6lOI7dHo3Ios2wq7-
30 ml/30ml-x3.gcode,1-udn4MbRnDfFPkf0BJ0C-9Go_xwKZZSB
30 ml/30ml-x3.stl,1dtvelsjMAfulvmmcQz_O8OtAsoZlCVlE
4 Dram/4Dram-x7-fixed.gcode,1bGZcsbPx5Uu0XyDTtQ-VTA78nstyMWuz
4 Dram/4Dram-x7-fixed.stl,17-cppxUwBfL62QmASI-62LU-hHhH9qB_
5 Dram/5Dram-x5-fixed.gcode,1V4X7IUlS2WNc11CzGzPNAZ7bDU2l613U
5 Dram/5Dram-x5-fixed.stl,17_YDg8woDFPWTqiDIn47wD6xZmhZI6Lt
6 Dram/6Dram-x5-fixed.gcode,1e8b4hkLa22gMxwZwGgBM4wr_ptXI1qqg
6 Dram/6Dram-x5-fixed.stl,1lc4WcXg6hhSTFCDiZ5D4GxcmB4r_hweT
6 Dram/6Dram-x6.gcode,1qjrIB5CLzmyhigC3nm_b4Sy7GZhejZPi
6 Dram/6Dram-x6.stl,1LTznE9Cs4GclFFMIr1nWxkqKOcHOX6cO
8 Dram/8Dram-x6-fixed.gcode,1EdTxPtUe645yY0Fs6PfRGDRq00gQfCLr
8 Dram/8Dram-x6-fixed.stl,1nVWmcbMkHkOeIV7hVM5Gm9EE5y9UEW5W
9 Dram/9Dram-x5-fixed.gcode,147uhJwThJOQ44wKKIKVHcjVQTPuA5SoO
9 Dram/9Dram-x5-fixed.stl,1g9C_IGBJ9bsyxWyTN7WYFr2EJCM2CAFI
Store/vialStore-large.gcode,1Qio7MPmDvPprqMFaXV-DosxWs4nVrcAM
Store/vialStore-large.stl,1z6kqlqAhrmLfsGfIZkeNvPCiJIgh8AE5
Store/vialStore-small.gcode,1WGEzPhyvXodQQvkhaMx2MBSSgpynVWjR
Store/vialStore-small.stl,1-riZppWMAmnIqqBbD0rq5ggadNlzBk6I
Store/vialStore.scad,1NwXQWamUS6BJb_B6x87fNbyFbVxiyBpb
Store/vialStore.stl,1MkLPd0RRNugw6UGprqxdSQTAwHEerf5q
vialRack.scad,14w1e7OCHKO5ZUNID85ZpYP4vU2aTkhKI
